{"gradients/5_LIFBitshiftTorch.threshold": {"_type": "histogram", "values": [1.0, 0.0, 0.0, 0.0, 0.0, 0.0, 0.0, 0.0, 0.0, 0.0, 1.0, 0.0, 0.0, 0.0, 0.0, 0.0, 0.0, 0.0, 0.0, 0.0, 0.0, 0.0, 0.0, 0.0, 0.0, 0.0, 0.0, 0.0, 0.0, 0.0, 0.0, 0.0, 0.0, 0.0, 0.0, 1.0, 0.0, 0.0, 0.0, 0.0, 0.0, 0.0, 0.0, 0.0, 0.0, 0.0, 0.0, 0.0, 0.0, 0.0, 0.0, 0.0, 0.0, 0.0, 0.0, 0.0, 0.0, 0.0, 0.0, 0.0, 0.0, 0.0, 0.0, 1.0], "bins": [-0.11874999850988388, -0.11165941506624222, -0.10456882417201996, -0.0974782407283783, -0.09038764983415604, -0.08329706639051437, -0.07620647549629211, -0.06911589205265045, -0.06202530488371849, -0.05493471771478653, -0.04784413054585457, -0.04075354337692261, -0.033662959933280945, -0.026572370901703835, -0.019481785595417023, -0.012391198426485062, -0.005300611257553101, 0.0017899754457175732, 0.008880562148988247, 0.015971148386597633, 0.023061735555529594, 0.030152322724461555, 0.03724290803074837, 0.04433349519968033, 0.05142408236861229, 0.05851466953754425, 0.06560525298118591, 0.07269584387540817, 0.07978642731904984, 0.0868770182132721, 0.09396760165691376, 0.10105819255113602, 0.10814876854419708, 0.11523935198783875, 0.122329942882061, 0.12942053377628326, 0.13651111721992493, 0.1436017006635666, 0.15069228410720825, 0.1577828824520111, 0.16487346589565277, 0.17196404933929443, 0.1790546327829361, 0.18614521622657776, 0.19323581457138062, 0.20032639801502228, 0.20741698145866394, 0.2145075649023056, 0.22159814834594727, 0.22868874669075012, 0.23577933013439178, 0.24286991357803345, 0.2499604970216751, 0.2570510804653168, 0.26414167881011963, 0.2712322771549225, 0.27832284569740295, 0.2854134440422058, 0.2925040125846863, 0.29959461092948914, 0.306685209274292, 0.31377577781677246, 0.3208663761615753, 0.3279569447040558, 0.33504754304885864]}, "_timestamp": 1705480547.707795, "gradients/4_LinearTorch.weight": {"_type": "histogram", "values": [1.0, 0.0, 0.0, 0.0, 0.0, 0.0, 0.0, 0.0, 0.0, 0.0, 0.0, 0.0, 1.0, 0.0, 3.0, 1.0, 0.0, 2.0, 0.0, 2.0, 5.0, 4.0, 4.0, 7.0, 5.0, 7.0, 14.0, 17.0, 34.0, 37.0, 40.0, 8.0, 4.0, 7.0, 3.0, 5.0, 4.0, 6.0, 4.0, 7.0, 0.0, 1.0, 3.0, 1.0, 4.0, 1.0, 0.0, 1.0, 1.0, 1.0, 1.0, 0.0, 1.0, 0.0, 1.0, 1.0, 2.0, 0.0, 0.0, 0.0, 0.0, 0.0, 0.0, 1.0], "bins": [-0.6841055154800415, -0.6616737842559814, -0.6392420530319214, -0.6168103218078613, -0.5943785905838013, -0.5719468593597412, -0.5495151281356812, -0.5270833969116211, -0.504651665687561, -0.4822199046611786, -0.45978817343711853, -0.43735644221305847, -0.414924681186676, -0.39249294996261597, -0.3700612187385559, -0.34762948751449585, -0.3251977562904358, -0.30276602506637573, -0.2803342938423157, -0.2579025626182556, -0.23547081649303436, -0.2130390852689743, -0.19060733914375305, -0.168175607919693, -0.14574387669563293, -0.12331214547157288, -0.10088040679693222, -0.07844866812229156, -0.056016936898231506, -0.03358520194888115, -0.011153466999530792, 0.011278267949819565, 0.0337100625038147, 0.056141797453165054, 0.07857353240251541, 0.10100527107715607, 0.12343700230121613, 0.14586873352527618, 0.16830047965049744, 0.1907322108745575, 0.21316394209861755, 0.2355956733226776, 0.25802740454673767, 0.28045913577079773, 0.3028908967971802, 0.32532262802124023, 0.3477543592453003, 0.37018609046936035, 0.3926178216934204, 0.41504955291748047, 0.4374812841415405, 0.4599130153656006, 0.48234474658966064, 0.5047764778137207, 0.5272082090377808, 0.5496399402618408, 0.5720716714859009, 0.5945034623146057, 0.6169351935386658, 0.6393669247627258, 0.6617986559867859, 0.684230387210846, 0.706662118434906, 0.7290938496589661, 0.7515255808830261]}, "gradients/3_TorchResidual.1_LIFBitshiftTorch.threshold": {"_type": "histogram", "values": [1.0, 0.0, 0.0, 0.0, 0.0, 0.0, 0.0, 0.0, 0.0, 0.0, 0.0, 0.0, 0.0, 0.0, 1.0, 0.0, 0.0, 0.0, 0.0, 1.0, 0.0, 0.0, 0.0, 0.0, 2.0, 0.0, 1.0, 2.0, 1.0, 0.0, 5.0, 1.0, 3.0, 6.0, 9.0, 7.0, 1.0, 7.0, 1.0, 2.0, 2.0, 2.0, 1.0, 0.0, 0.0, 1.0, 1.0, 0.0, 1.0, 0.0, 1.0, 0.0, 0.0, 1.0, 0.0, 0.0, 0.0, 0.0, 1.0, 0.0, 0.0, 0.0, 0.0, 1.0], "bins": [-0.18140971660614014, -0.17621545493602753, -0.17102119326591492, -0.1658269166946411, -0.1606326550245285, -0.1554383933544159, -0.15024413168430328, -0.14504987001419067, -0.13985559344291687, -0.13466133177280426, -0.12946707010269165, -0.12427280843257904, -0.11907854676246643, -0.11388427764177322, -0.10869001597166061, -0.10349574685096741, -0.0983014851808548, -0.09310722351074219, -0.08791295439004898, -0.08271869271993637, -0.07752442359924316, -0.07233016192913055, -0.06713590025901794, -0.061941634863615036, -0.05674736946821213, -0.05155310407280922, -0.04635883867740631, -0.0411645770072937, -0.03597031161189079, -0.030776046216487885, -0.025581782683730125, -0.020387519150972366, -0.015193238854408264, -0.00999897439032793, -0.004804709926247597, 0.00038955453783273697, 0.005583819001913071, 0.010778083465993404, 0.015972347930073738, 0.021166611462831497, 0.026360876858234406, 0.031555142253637314, 0.03674940764904022, 0.04194366931915283, 0.04713793471455574, 0.05233220010995865, 0.05752646178007126, 0.06272073090076447, 0.06791499257087708, 0.07310925424098969, 0.07830352336168289, 0.0834977850317955, 0.08869205415248871, 0.09388631582260132, 0.09908057749271393, 0.10427484661340714, 0.10946910828351974, 0.11466336995363235, 0.11985763907432556, 0.12505190074443817, 0.13024616241455078, 0.1354404240846634, 0.1406347006559372, 0.1458289623260498, 0.15102322399616241]}, "gradients/3_TorchResidual.0_LinearTorch.weight": {"_type": "histogram", "values": [1.0, 0.0, 0.0, 0.0, 0.0, 0.0, 0.0, 0.0, 0.0, 0.0, 0.0, 0.0, 1.0, 0.0, 0.0, 0.0, 0.0, 1.0, 0.0, 0.0, 0.0, 0.0, 0.0, 3.0, 2.0, 2.0, 1.0, 5.0, 4.0, 6.0, 19.0, 22.0, 52.0, 71.0, 139.0, 222.0, 393.0, 2109.0, 482.0, 194.0, 85.0, 53.0, 36.0, 28.0, 16.0, 7.0, 2.0, 6.0, 2.0, 1.0, 1.0, 1.0, 1.0, 0.0, 0.0, 0.0, 0.0, 0.0, 0.0, 0.0, 0.0, 0.0, 0.0, 1.0], "bins": [-0.3627150058746338, -0.35308530926704407, -0.34345561265945435, -0.33382588624954224, -0.3241961896419525, -0.3145664930343628, -0.30493679642677307, -0.29530709981918335, -0.28567737340927124, -0.2760476768016815, -0.2664179801940918, -0.2567882835865021, -0.24715858697891235, -0.23752887547016144, -0.22789917886257172, -0.2182694673538208, -0.20863977074623108, -0.19901007413864136, -0.18938036262989044, -0.17975066602230072, -0.1701209545135498, -0.16049125790596008, -0.15086156129837036, -0.14123184978961945, -0.13160215318202972, -0.1219724491238594, -0.11234274506568909, -0.10271304845809937, -0.09308334439992905, -0.08345364034175873, -0.073823943734169, -0.06419423967599869, -0.05456456542015076, -0.04493486136198044, -0.03530516102910042, -0.02567545883357525, -0.01604575663805008, -0.00641605444252491, 0.0032136477530002594, 0.012843349948525429, 0.022473052144050598, 0.03210275620222092, 0.04173245653510094, 0.05136215686798096, 0.060991860926151276, 0.0706215649843216, 0.08025126159191132, 0.08988096565008163, 0.09951066970825195, 0.10914037376642227, 0.11877007782459259, 0.1283997744321823, 0.13802948594093323, 0.14765918254852295, 0.15728887915611267, 0.1669185906648636, 0.1765482872724533, 0.18617798388004303, 0.19580769538879395, 0.20543739199638367, 0.2150670886039734, 0.2246968001127243, 0.23432649672031403, 0.24395620822906494, 0.25358590483665466]}, "gradients/2_TorchResidual.1_LIFBitshiftTorch.threshold": {"_type": "histogram", "values": [1.0, 0.0, 0.0, 0.0, 0.0, 0.0, 0.0, 0.0, 0.0, 0.0, 0.0, 0.0, 0.0, 0.0, 0.0, 0.0, 0.0, 0.0, 0.0, 0.0, 0.0, 0.0, 0.0, 0.0, 0.0, 0.0, 0.0, 0.0, 0.0, 0.0, 0.0, 0.0, 0.0, 0.0, 0.0, 0.0, 0.0, 0.0, 0.0, 0.0, 0.0, 0.0, 0.0, 0.0, 0.0, 0.0, 0.0, 0.0, 0.0, 0.0, 0.0, 0.0, 0.0, 0.0, 0.0, 1.0, 4.0, 1.0, 2.0, 5.0, 34.0, 10.0, 4.0, 1.0],