{"gradients/5_LIFBitshiftTorch.threshold": {"_type": "histogram", "values": [1.0, 0.0, 0.0, 0.0, 0.0, 0.0, 0.0, 0.0, 0.0, 0.0, 0.0, 0.0, 0.0, 0.0, 0.0, 0.0, 0.0, 0.0, 0.0, 0.0, 0.0, 0.0, 0.0, 0.0, 0.0, 0.0, 0.0, 0.0, 0.0, 1.0, 0.0, 0.0, 0.0, 0.0, 0.0, 0.0, 0.0, 0.0, 0.0, 0.0, 0.0, 0.0, 0.0, 0.0, 0.0, 0.0, 0.0, 0.0, 0.0, 0.0, 0.0, 0.0, 0.0, 0.0, 0.0, 0.0, 0.0, 0.0, 1.0, 0.0, 0.0, 0.0, 0.0, 1.0], "bins": [-0.8347517848014832, -0.8145503401756287, -0.7943488955497742, -0.7741474509239197, -0.7539460062980652, -0.7337445616722107, -0.7135431170463562, -0.6933416724205017, -0.673140287399292, -0.6529388427734375, -0.632737398147583, -0.6125359535217285, -0.592334508895874, -0.5721330642700195, -0.551931619644165, -0.5317301750183105, -0.511528730392456, -0.49132728576660156, -0.47112584114074707, -0.4509243965148926, -0.4307229518890381, -0.410521537065506, -0.3903200924396515, -0.370118647813797, -0.3499172031879425, -0.329715758562088, -0.3095143139362335, -0.28931286931037903, -0.2691114544868469, -0.24890999495983124, -0.22870856523513794, -0.20850712060928345, -0.18830564618110657, -0.16810420155525208, -0.14790275692939758, -0.12770132720470428, -0.10749988257884979, -0.0872984379529953, -0.0670970007777214, -0.04689555987715721, -0.026694118976593018, -0.006492678076028824, 0.01370876282453537, 0.033910203725099564, 0.05411164462566376, 0.07431308925151825, 0.09451452642679214, 0.11471596360206604, 0.13491740822792053, 0.15511885285377502, 0.17532029747962952, 0.19552172720432281, 0.2157231718301773, 0.2359246164560318, 0.2561260461807251, 0.2763274908065796, 0.2965289354324341, 0.3167303800582886, 0.33693182468414307, 0.35713326930999756, 0.37733471393585205, 0.39753612875938416, 0.41773757338523865, 0.43793901801109314, 0.45814046263694763]}, "_timestamp": 1705467499.0995753, "gradients/4_LinearTorch.weight": {"_type": "histogram", "values": [1.0, 0.0, 0.0, 0.0, 0.0, 0.0, 0.0, 0.0, 1.0, 1.0, 1.0, 0.0, 1.0, 3.0, 1.0, 1.0, 0.0, 2.0, 1.0, 8.0, 8.0, 4.0, 7.0, 3.0, 9.0, 27.0, 56.0, 11.0, 10.0, 13.0, 13.0, 9.0, 5.0, 4.0, 7.0, 6.0, 9.0, 2.0, 4.0, 3.0, 6.0, 2.0, 1.0, 2.0, 2.0, 1.0, 1.0, 1.0, 0.0, 2.0, 0.0, 0.0, 0.0, 1.0, 0.0, 0.0, 0.0, 0.0, 0.0, 0.0, 0.0, 0.0, 1.0, 1.0], "bins": [-7.025059223175049, -6.760889530181885, -6.4967193603515625, -6.232549667358398, -5.968379497528076, -5.704209804534912, -5.44003963470459, -5.175869941711426, -4.911700248718262, -4.6475300788879395, -4.383360385894775, -4.119190216064453, -3.855020523071289, -3.590850591659546, -3.3266806602478027, -3.0625107288360596, -2.7983407974243164, -2.5341708660125732, -2.27000093460083, -2.005831003189087, -1.7416611909866333, -1.4774912595748901, -1.2133214473724365, -0.9491515159606934, -0.6849815845489502, -0.4208116829395294, -0.15664178133010864, 0.10752812027931213, 0.3716980218887329, 0.6358679533004761, 0.9000378251075745, 1.1642076969146729, 1.4283771514892578, 1.692547082901001, 1.9567170143127441, 2.2208869457244873, 2.4850568771362305, 2.7492265701293945, 3.0133965015411377, 3.277566432952881, 3.541736364364624, 3.805906295776367, 4.070075988769531, 4.3342461585998535, 4.598415851593018, 4.86258602142334, 5.126755714416504, 5.390925884246826, 5.65509557723999, 5.919265270233154, 6.183435440063477, 6.447605133056641, 6.711775302886963, 6.975944995880127, 7.240115165710449, 7.504284858703613, 7.768454551696777, 8.032624244689941, 8.296794891357422, 8.560964584350586, 8.82513427734375, 9.089303970336914, 9.353474617004395, 9.617644309997559, 9.881814002990723]}, "gradients/3_TorchResidual.1_LIFBitshiftTorch.threshold": {"_type": "histogram", "values": [1.0, 1.0, 0.0, 0.0, 0.0, 0.0, 0.0, 1.0, 0.0, 0.0, 0.0, 0.0, 0.0, 1.0, 0.0, 0.0, 1.0, 2.0, 0.0, 0.0, 1.0, 0.0, 1.0, 4.0, 2.0, 0.0, 6.0, 20.0, 8.0, 2.0, 1.0, 0.0, 1.0, 1.0, 0.0, 0.0, 3.0, 0.0, 1.0, 0.0, 1.0, 1.0, 0.0, 0.0, 0.0, 1.0, 0.0, 0.0, 0.0, 0.0, 0.0, 0.0, 0.0, 0.0, 1.0, 0.0, 0.0, 0.0, 0.0, 0.0, 0.0, 0.0, 0.0, 1.0], "bins": [-1.017295241355896, -0.9804754853248596, -0.9436556696891785, -0.9068359136581421, -0.8700160980224609, -0.8331963419914246, -0.7963765859603882, -0.759556770324707, -0.7227370142936707, -0.6859172582626343, -0.6490974426269531, -0.6122776865959167, -0.5754579305648804, -0.5386381149291992, -0.5018183588981628, -0.4649985730648041, -0.4281787872314453, -0.39135900139808655, -0.3545392155647278, -0.3177194595336914, -0.28089967370033264, -0.24407988786697388, -0.2072601169347763, -0.17044034600257874, -0.13362056016921997, -0.0968007817864418, -0.059981003403663635, -0.023161225020885468, 0.0136585533618927, 0.05047833174467087, 0.08729811012744904, 0.1241178885102272, 0.16093766689300537, 0.19775745272636414, 0.2345772236585617, 0.2713969945907593, 0.30821678042411804, 0.3450365662574768, 0.3818563222885132, 0.41867610812187195, 0.4554958939552307, 0.4923156797885895, 0.5291354656219482, 0.5659552216529846, 0.602774977684021, 0.6395947933197021, 0.6764145493507385, 0.7132343649864197, 0.750054121017456, 0.7868738770484924, 0.8236936926841736, 0.86051344871521, 0.8973332643508911, 0.9341530203819275, 0.9709727764129639, 1.007792592048645, 1.0446124076843262, 1.0814321041107178, 1.118251919746399, 1.15507173538208, 1.1918914318084717, 1.2287112474441528, 1.265531063079834, 1.3023507595062256, 1.3391705751419067]}, "gradients/3_TorchResidual.0_LinearTorch.weight": {"_type": "histogram", "values": [1.0, 0.0, 0.0, 0.0, 0.0, 0.0, 0.0, 0.0, 1.0, 1.0, 0.0, 0.0, 0.0, 2.0, 1.0, 0.0, 2.0, 2.0, 2.0, 4.0, 1.0, 4.0, 2.0, 6.0, 7.0, 13.0, 7.0, 16.0, 22.0, 22.0, 16.0, 25.0, 41.0, 41.0, 51.0, 100.0, 235.0, 624.0, 2027.0, 255.0, 115.0, 84.0, 65.0, 42.0, 37.0, 29.0, 16.0, 12.0, 12.0, 4.0, 6.0, 4.0, 3.0, 4.0, 1.0, 1.0, 0.0, 0.0, 1.0, 0.0, 0.0, 0.0, 1.0, 1.0], "bins": [-2.6742024421691895, -2.6041319370269775, -2.5340614318847656, -2.4639906883239746, -2.3939201831817627, -2.323849678039551, -2.253779172897339, -2.183708667755127, -2.113637924194336, -2.043567419052124, -1.973496913909912, -1.9034264087677002, -1.8333559036254883, -1.7632852792739868, -1.693214774131775, -1.6231441497802734, -1.5530736446380615, -1.4830031394958496, -1.4129325151443481, -1.3428620100021362, -1.2727913856506348, -1.2027208805084229, -1.132650375366211, -1.0625797510147095, -0.9925092458724976, -0.9224386811256409, -0.8523681163787842, -0.7822976112365723, -0.7122270464897156, -0.6421564817428589, -0.572085976600647, -0.5020154118537903, -0.43194496631622314, -0.36187440156936646, -0.29180386662483215, -0.22173331677913666, -0.15166276693344116, -0.08159221708774567, -0.011521667242050171, 0.058548882603645325, 0.12861943244934082, 0.19868998229503632, 0.2687605321407318, 0.3388310670852661, 0.4089016318321228, 0.4789721965789795, 0.5490427017211914, 0.6191132664680481, 0.6891838312149048, 0.7592543959617615, 0.8293249607086182, 0.8993954658508301, 0.9694660305976868, 1.0395365953445435, 1.1096071004867554, 1.1796777248382568, 1.2497482299804688, 1.3198187351226807, 1.3898893594741821, 1.459959864616394, 1.5300304889678955, 1.6001009941101074, 1.6701714992523193, 1.7402421236038208, 1.8103126287460327]}, "gradients/2_TorchResidual.1_LIFBitshiftTorch.threshold": {"_type": "histogram", "values": [1.0, 1.0, 1.0, 44.0, 9.0, 4.0, 0.0, 0.0, 0.0, 0.0, 0.0, 0.0, 0.0, 0.0, 0.0, 0.0, 0.0, 0.0, 0.0, 0.0, 0.0, 0.0, 1.0, 0.0, 0.0, 0.0, 0.0, 0.0, 0.0, 0.0, 0.0, 0.0, 0.0, 0.0, 1.0, 0.0, 0.0, 0.0, 0.0, 0.0, 0.0, 0.0, 0.0, 0.0, 0.0, 0.0, 0.0, 0.0, 0.0, 0.0, 0.0, 0.0, 0.0, 0.0, 0.0, 0.0, 0.0, 0.0, 0.0, 0.0, 0.0, 0.0, 0.0, 1.0],