{"gradients/5_LIFBitshiftTorch.threshold": {"_type": "histogram", "values": [1.0, 0.0, 0.0, 0.0, 0.0, 0.0, 0.0, 0.0, 0.0, 0.0, 0.0, 0.0, 0.0, 0.0, 0.0, 0.0, 0.0, 0.0, 0.0, 0.0, 1.0, 0.0, 0.0, 0.0, 0.0, 0.0, 0.0, 0.0, 0.0, 0.0, 0.0, 0.0, 0.0, 0.0, 0.0, 0.0, 0.0, 0.0, 0.0, 0.0, 0.0, 0.0, 0.0, 0.0, 1.0, 0.0, 0.0, 0.0, 0.0, 0.0, 0.0, 0.0, 0.0, 0.0, 0.0, 0.0, 0.0, 0.0, 0.0, 0.0, 0.0, 0.0, 0.0, 1.0], "bins": [-0.0011811029398813844, -0.001143330242484808, -0.0011055575450882316, -0.001067784964106977, -0.0010300122667104006, -0.0009922395693138242, -0.0009544669301249087, -0.0009166942327283323, -0.0008789215935394168, -0.0008411488961428404, -0.000803376198746264, -0.0007656035595573485, -0.0007278308621607721, -0.0006900582229718566, -0.0006522855255752802, -0.0006145128863863647, -0.0005767401889897883, -0.0005389674915932119, -0.0005011948524042964, -0.00046342218411155045, -0.0004256495158188045, -0.0003878768184222281, -0.00035010415012948215, -0.0003123314818367362, -0.00027455881354399025, -0.0002367861452512443, -0.00019901347695849836, -0.00016124079411383718, -0.00012346812582109123, -8.569545752834529e-05, -4.7922781959641725e-05, -1.015011002891697e-05, 2.7622561901807785e-05, 6.539523019455373e-05, 0.0001031679057632573, 0.00014094058133196086, 0.0001787132496247068, 0.00021648591791745275, 0.00025425860076211393, 0.0002920312690548599, 0.0003298039373476058, 0.00036757660564035177, 0.0004053492739330977, 0.00044312194222584367, 0.00048089463962242007, 0.0005186672788113356, 0.000556439976207912, 0.0005942126153968275, 0.0006319853127934039, 0.0006697580101899803, 0.0007075306493788958, 0.0007453033467754722, 0.0007830759859643877, 0.0008208486833609641, 0.0008586213225498796, 0.000896394019946456, 0.0009341667173430324, 0.0009719393565319479, 0.0010097119957208633, 0.0010474846931174397, 0.0010852573905140162, 0.0011230300879105926, 0.0011608026688918471, 0.0011985753662884235, 0.001236348063685]}, "_timestamp": 1705473150.5217953, "gradients/4_LinearTorch.weight": {"_type": "histogram", "values": [1.0, 0.0, 0.0, 0.0, 0.0, 0.0, 0.0, 0.0, 1.0, 0.0, 0.0, 1.0, 0.0, 0.0, 0.0, 0.0, 0.0, 0.0, 0.0, 0.0, 0.0, 0.0, 0.0, 1.0, 2.0, 1.0, 0.0, 2.0, 1.0, 1.0, 0.0, 2.0, 2.0, 15.0, 195.0, 13.0, 0.0, 3.0, 2.0, 2.0, 2.0, 0.0, 0.0, 1.0, 2.0, 0.0, 0.0, 0.0, 0.0, 0.0, 0.0, 1.0, 0.0, 0.0, 0.0, 0.0, 0.0, 0.0, 0.0, 0.0, 0.0, 0.0, 0.0, 1.0], "bins": [-0.004810027312487364, -0.0046708062291145325, -0.004531585145741701, -0.00439236406236887, -0.0042531429789960384, -0.004113921895623207, -0.003974700812250376, -0.0038354794960469007, -0.0036962584126740694, -0.003557037329301238, -0.0034178162459284067, -0.0032785951625555754, -0.0031393738463521004, -0.003000152762979269, -0.0028609316796064377, -0.0027217105962336063, -0.002582489512860775, -0.0024432684294879436, -0.0023040473461151123, -0.002164826262742281, -0.0020256051793694496, -0.0018863839795812964, -0.0017471627797931433, -0.001607941696420312, -0.0014687206130474806, -0.0013294995296746492, -0.001190278446301818, -0.0010510572465136647, -0.0009118361631408334, -0.000772615079768002, -0.0006333939381875098, -0.0004941727966070175, -0.00035495124757289886, -0.00021573013509623706, -7.650902261957526e-05, 6.271208985708654e-05, 0.00020193320233374834, 0.00034115431481041014, 0.00048037542728707194, 0.0006195965688675642, 0.0007588176522403955, 0.0008980387356132269, 0.0010372598189860582, 0.0011764810187742114, 0.0013157021021470428, 0.001454923185519874, 0.0015941443853080273, 0.0017333654686808586, 0.00187258655205369, 0.0020118076354265213, 0.0021510287187993526, 0.002290249802172184, 0.0024294708855450153, 0.0025686922017484903, 0.0027079132851213217, 0.002847134368494153, 0.0029863554518669844, 0.0031255765352398157, 0.003264797618612647, 0.0034040187019854784, 0.0035432400181889534, 0.0036824611015617847, 0.003821682184934616, 0.003960903268307447, 0.004100124351680279]}, "gradients/3_TorchResidual.1_LIFBitshiftTorch.threshold": {"_type": "histogram", "values": [1.0, 0.0, 0.0, 0.0, 0.0, 0.0, 0.0, 0.0, 0.0, 0.0, 0.0, 0.0, 0.0, 0.0, 0.0, 0.0, 0.0, 0.0, 0.0, 0.0, 0.0, 0.0, 0.0, 0.0, 0.0, 0.0, 0.0, 0.0, 1.0, 0.0, 0.0, 0.0, 0.0, 0.0, 0.0, 0.0, 0.0, 0.0, 0.0, 0.0, 0.0, 0.0, 0.0, 0.0, 0.0, 0.0, 0.0, 0.0, 0.0, 0.0, 2.0, 0.0, 0.0, 0.0, 0.0, 1.0, 0.0, 2.0, 3.0, 39.0, 9.0, 2.0, 2.0, 1.0], "bins": [-0.0032653016969561577, -0.0032105727586895227, -0.003155843587592244, -0.003101114649325609, -0.0030463857110589743, -0.0029916567727923393, -0.0029369276016950607, -0.002882198663428426, -0.002827469725161791, -0.002772740786895156, -0.0027180116157978773, -0.0026632826775312424, -0.0026085537392646074, -0.0025538248009979725, -0.002499095629900694, -0.002444366691634059, -0.002389637753367424, -0.0023349085822701454, -0.0022801796440035105, -0.0022254507057368755, -0.0021707217674702406, -0.002115992596372962, -0.002061263658106327, -0.002006534719839692, -0.0019518056651577353, -0.0018970767268911004, -0.0018423476722091436, -0.0017876187339425087, -0.001732889679260552, -0.001678160740993917, -0.0016234316863119602, -0.0015687027480453253, -0.0015139738097786903, -0.0014592447550967336, -0.0014045158168300986, -0.0013497867621481419, -0.001295057823881507, -0.0012403287691995502, -0.0011855997145175934, -0.0011308707762509584, -0.0010761417215690017, -0.0010214127833023667, -0.0009666837868280709, -0.000911954790353775, -0.0008572257356718183, -0.0008024967391975224, -0.0007477677427232265, -0.0006930387462489307, -0.0006383097497746348, -0.000583580753300339, -0.0005288517568260431, -0.0004741227603517473, -0.0004193937638774514, -0.00036466476740315557, -0.0003099357709288597, -0.00025520677445456386, -0.00020047776342835277, -0.00014574876695405692, -9.101976320380345e-05, -3.629076309152879e-05, 1.8438237020745873e-05, 7.316723349504173e-05, 0.00012789622996933758, 0.00018262524099554867, 0.00023735423746984452]}, "gradients/3_TorchResidual.0_LinearTorch.weight": {"_type": "histogram", "values": [1.0, 0.0, 0.0, 0.0, 0.0, 0.0, 1.0, 1.0, 2.0, 0.0, 0.0, 2.0, 1.0, 1.0, 5.0, 17.0, 3817.0, 85.0, 21.0, 8.0, 1.0, 1.0, 1.0, 3.0, 0.0, 0.0, 0.0, 0.0, 0.0, 0.0, 0.0, 0.0, 0.0, 0.0, 0.0, 0.0, 0.0, 0.0, 0.0, 0.0, 0.0, 0.0, 0.0, 0.0, 0.0, 0.0, 0.0, 0.0, 0.0, 0.0, 0.0, 0.0, 0.0, 0.0, 0.0, 0.0, 0.0, 0.0, 0.0, 0.0, 0.0, 0.0, 0.0, 1.0], "bins": [-0.0007883881917223334, -0.0007413146086037159, -0.0006942410254850984, -0.0006471674423664808, -0.0006000938592478633, -0.0005530202761292458, -0.0005059466930106282, -0.0004588731098920107, -0.00041179952677339315, -0.0003647259436547756, -0.0003176523605361581, -0.00027057877741754055, -0.00022350519429892302, -0.00017643161118030548, -0.00012935802806168795, -8.228444494307041e-05, -3.521086182445288e-05, 1.1862721294164658e-05, 5.893630441278219e-05, 0.00010600988753139973, 0.00015308347065001726, 0.0002001570537686348, 0.00024723063688725233, 0.00029430422000586987, 0.0003413778031244874, 0.00038845138624310493, 0.00043552496936172247, 0.00048259855248034, 0.0005296721355989575, 0.0005767457187175751, 0.0006238193018361926, 0.0006708928849548101, 0.0007179665844887495, 0.000765040167607367, 0.0008121137507259846, 0.0008591873338446021, 0.0009062609169632196, 0.0009533345000818372, 0.0010004080832004547, 0.0010474816663190722, 0.0010945552494376898, 0.0011416288325563073, 0.0011887024156749249, 0.0012357759987935424, 0.00128284958191216, 0.0013299231650307775, 0.001376996748149395, 0.0014240703312680125, 0.00147114391438663, 0.0015182174975052476, 0.0015652910806238651, 0.0016123646637424827, 0.0016594382468611002, 0.0017065118299797177, 0.0017535854130983353, 0.0018006589962169528, 0.0018477325793355703, 0.0018948061624541879, 0.0019418797455728054, 0.0019889534451067448, 0.0020360269118100405, 0.002083100378513336, 0.0021301740780472755, 0.002177247777581215, 0.0022243212442845106]}, "gradients/2_TorchResidual.1_LIFBitshiftTorch.threshold": {"_type": "histogram",